Fulga, 895aeae92bc3ac7a1b2d37c1856a5f15, 3, 1, Fulg,Fulguta,fulga@yahoo.com, poze/Fulga.jpg, 2022-01-28
Andrei, 6f0ce1da08f3e54ccb410acb91b11b58, 1, 4, Andrei,Muris,muris@yahoo.com, poze/Andrei.jpg, 2022-01-28
Dorel, ff4afa2ad60aeba0a4c54afd7d357a5f, 1, 2, Dorel,Costel,dorel@yahoo.com, poze/Dorel.jpg, 2022-01-28
Andreea, 53202b4a8a6f02b9733848471945def8, 2, 1, Andreea,Maricica,andreea@yahoo.com, poze/Andreea.jpg, 2022-01-28
Victoria, dfeec4445ad7c051599d6fa05576e517, 2, 3, Victoria,Antenuta,victy@yahoo.com, poze/Victoria.jpg, 2022-01-28
Florica, 9a790b0239fa8743cb71b30fdcb3c531, 2, 4, Florina,Macovescu,flory@yahoo.com, poze/Florica.jpg, 2022-01-28
Florica, 1dfb9ee971d9feee78172137853bc098, 2, 4, Florica,Micovescu,flory@yahoo.com, poze/Florica.jpg, 2022-01-28
Florica, 743203c2b1b5a25a98615b7b35b03c57, 2, 2, Florica,Maian,flory@yahoo.com, poze/Florica.jpg, 2022-01-28
Costel, 8ef60ccdd3d26ad734b4ffbe24a83e78, 1, 1, Costel,Ionita,costy@yahoo.com, poze/Costel.jpg, 2022-01-28
Vali, 67f14ad956fdf10b85da3ffd57c8cb23, 3, 1, Vali,Vijelie,vijelie@yahoo.com, poze/Vali.jpg, 2022-01-28
Vali, cc11d806ca80b56c60bf66a82adf9296, 1, 2, Vali,Vijelie,vijelie@yahoo.com, poze/Vali.jpg, 2022-01-28
Zana, 3b47e0300abcf54ad30edb35380e609f, 2, 2, Zana,Maseluta,zana@yahoo.com, poze/Zana.jpg, 2022-01-28
Andy, 624405e7809552eee3e195cdfc821b08, 3, 1, Andy,Popa,andy@yahoo.com, poze/Andy.jpg, 2022-01-28
dudu, 0097e9bee4e49ef7676e824ab41f2ca3, 3, 1, Duda,Dudy,dudy@yahoo.com, poze/dudu.jpg, 2022-01-28
Didi, 961e693388de5c7cbfd372e33e1e9bcc, 2, 1, Didi,Dexter,didy@yahoo.com, poze/Didi.jpg, 2022-01-28
Foxy, d5449992b039730043a57a9c005fb813, 3, 1, Foxy,Curly,fox@yahoo.com, poze/Foxy.jpg, 2022-01-28
Dory, 27cadca35157d9bf9846649953b799b5, 2, 2, Finding,Dory,dory@yahoo.com, poze/Dory.jpg, 2022-01-28
Alexandra, 0e139dcedb24e213553280cb3efe00d9, 3, 1, Alexa,Sandra,alex@yahoo.com, poze/Alexandra.jpg, 2022-01-28
